smiles,target_value
[H]OC([H])([H])[C@]1([H])C([H])([H])C([H])([H])[C@]([H])(C([H])([H])[H])C1([H])[H],-0.7586710782227903
[H]OC([H])([H])[C@]1([H])C([H])([H])[C@]([H])(C([H])([H])[H])C1([H])[H],1.0231798369866245
[H]C([H])([H])C([H])([H])[C@@]1([H])C([H])([H])C([H])([H])C([H])([H])[C@@]([H])(C([H])([H])[H])C1([H])[H],-0.7280483559100804
[H]OC([H])([H])[C@]1([H])C([H])([H])OC([H])([H])[C@]([H])(C([H])([H])[H])C1([H])[H],0.33458807429740184
[H]OC([H])([H])[C@]1([H])C([H])([H])C([H])([H])[C@]([H])(C([H])([H])[H])C([H])([H])C1([H])[H],-0.6629575922727908
[H]OC([H])([H])C1([H])C([H])([H])C([H])([H])C1([H])[H],-0.9719814110448858
[H]OC([H])([H])[C@@]1([H])C([H])([H])C([H])([H])C([H])([H])[C@@]([H])(O[H])C1([H])[H],-0.024774466084627318
[H]OC([H])([H])[C@@]1([H])C([H])([H])C([H])([H])[C@@]([H])(C([H])([H])O[H])C1([H])[H],-0.7143450372495984
[H]OC([H])([H])C1([H])C([H])([H])C([H])([H])C([H])([H])C1([H])[H],-1.584435857299083
[H]OC([H])([H])C([H])([H])[C@]1([H])C([H])([H])[C@]([H])(C([H])([H])[H])C1([H])[H],-0.749721972158802
[H]OC([H])([H])C([H])([H])[C@]1([H])C([H])([H])C([H])([H])[C@]([H])(C([H])([H])[H])C1([H])[H],-0.060500975449455444
[H]C1([H])C([H])([H])[C@]([H])(C([H])([H])[H])C([H])([H])[C@]([H])(C([H])([H])[H])C1([H])[H],0.7245733369921407
[H]OC([H])([H])C1([H])C([H])([H])C([H])([H])C([H])([H])C([H])([H])C([H])([H])C1([H])[H],-0.38127049593053497
[H]OC([H])([H])C1([H])C([H])([H])C([H])([H])C([H])([H])C([H])([H])C1([H])[H],0.8705556296609493
[H]OC([H])([H])[C@]1([H])C([H])([H])[C@]([H])(C([H])([H])[H])[C@]([H])(C([H])([H])[H])C1([H])[H],-0.21718024646037506
[H]OC([H])([H])[C@]1([H])C([H])([H])C([H])([H])[C@]([H])(C([H])([H])C([H])([H])[H])C1([H])[H],-1.5294128379837801
[H]O[C@]1([H])C([H])([H])C([H])([H])C([H])([H])[C@]([H])(C([H])([H])[H])C1([H])[H],0.14490897467552538
[H]OC([H])([H])C([H])([H])C([H])([H])[C@]1([H])C([H])([H])[C@]([H])(C([H])([H])[H])C1([H])[H],-0.4358740258990884
[H]OC([H])([H])[C@]1([H])OC([H])([H])C([H])([H])[C@]([H])(C([H])([H])[H])C1([H])[H],-0.8263486928317016
[H]OC([H])([H])[C@@]1([H])C([H])([H])C([H])([H])O[C@@]([H])(C([H])([H])[H])C1([H])[H],1.9994713766548449
[H]OC([H])([H])[C@]1([H])[C@]2([H])C([H])([H])[C@]([H])(C([H])([H])[H])C([H])([H])[C@]12[H],0.886915714184178
[H]OC([H])([H])[C@@]1([H])C([H])([H])[C@@]2([H])[C@@]([H])(C([H])([H])[H])[C@@]2([H])C1([H])[H],-0.34064994418696315
[H]OC([H])([H])[C@]1([H])OC([H])([H])[C@]([H])(C([H])([H])[H])C1([H])[H],-0.4832064071906513
[H]OC([H])([H])[C@]1([H])C([H])([H])[C@]([H])(C([H])([H])C([H])([H])C([H])([H])[H])C1([H])[H],-0.1799855243819239
[H]OC([H])([H])[C@@]1([H])C([H])([H])C([H])([H])[C@@]([H])(O[H])C1([H])[H],1.3040279546353812
[H]C1([H])C([H])([H])C([H])([H])[C@@]([H])(C([H])([H])[H])C([H])([H])[C@@]([H])(C([H])([H])[H])C1([H])[H],-1.0500064295402833
[H]OC([H])([H])[C@]1([H])C([H])([H])[C@]([H])(C([H])([H])O[H])C1([H])[H],-1.15564783003002
[H]OC([H])([H])C1([H])C([H])([H])C1([H])[H],-0.9368142208090569
[H]OC([H])([H])[C@]1([H])C([H])([H])C([H])([H])[C@]([H])(OC([H])([H])[H])C1([H])[H],-1.0709808968777559
[H]OC([H])([H])[C@]1([H])C([H])([H])C([H])([H])C([H])([H])[C@]1([H])C([H])([H])[H],-0.6091231261066113
[H]O/N=C(\C([H])([H])[H])C([H])([H])C1([H])C([H])([H])C([H])([H])C1([H])[H],-0.40881696303374876
[H]OC([H])([H])[C@@]1([H])OC([H])([H])[C@@]([H])(C([H])([H])[H])C([H])([H])C1([H])[H],-0.4969796407422583
[H]OC([H])([H])[C@@]1([H])C([H])([H])C(=O)[C@@]([H])(C([H])([H])[H])C1([H])[H],0.886216565272929
[H]OC([H])([H])[C@]1([H])C([H])([H])[C@@]2(C([H])([H])[C@]2([H])C([H])([H])[H])C1([H])[H],-0.8167703527475891
[H]OC([H])([H])[C@@]1([H])C([H])([H])[C@@]([H])(C([H])([H])[H])C([H])([H])[C@@]1([H])C([H])([H])[H],-1.0920252791063534
[H]ONC1C([H])([H])C([H])([H])C([H])([H])[C@]([H])(C([H])([H])[H])C1([H])[H],-0.7746815882903944
[H]C([H])([H])C([H])([H])[C@@]1([H])C([H])([H])C([H])([H])[C@@]([H])(C([H])([H])[H])C1([H])[H],-0.5804580207453989
[H]OC([H])([H])[C@]1([H])C([H])([H])[C@]([H])(C([H])([H])C([H])([H])[H])C1([H])[H],-0.42769398363747413
[H]OC([H])([H])[C@@]1([H])C([H])([H])C([H])([H])[C@@]2([H])C([H])([H])[C@@]2([H])C1([H])[H],-1.1222285120723137
[H]O[C@]1([H])C([H])([H])C([H])([H])C([H])([H])C([H])([H])[C@]([H])(C([H])([H])[H])C1([H])[H],-0.6784087832113955
[H]OC([H])([H])[C@]1([H])C([H])([H])[C@]([H])(O[H])C1([H])[H],-0.8476727346247986
[H]OC([H])([H])[C@]1([H])C([H])([H])[C@]2([H])C([H])([H])C([H])([H])[C@]2([H])C1([H])[H],-1.0881100452033585
[H]C([H])([H])C1([H])C([H])([H])C([H])([H])C1([H])[H],-1.6328868768486444
[H]OC([H])([H])[C@]1([H])C([H])([H])[C@]([H])(OC([H])([H])C([H])([H])[H])C1([H])[H],-0.14999203608933792
[H]OC([H])([H])[C@@]1([H])C([H])([H])O[C@@]([H])(C([H])([H])[H])C1([H])[H],-0.6054875517681161
[H]OC([H])([H])[C@]1([H])C([H])([H])[C@]([H])(C([H])([H])[H])[C@]([H])(O[H])C1([H])[H],0.31109667087943277
[H]O[C@]1([H])C([H])([H])C([H])([H])C([H])([H])[C@]([H])(C([H])([H])C([H])([H])[H])C1([H])[H],0.22698905685616777
[H]OC([H])([H])[C@@]1([H])C([H])([H])[C@@]([H])(C([H])([H])[H])C([H])([H])[C@@]1([H])O[H],-1.3553946739738831
[H]OC([H])([H])[C@]1([H])C([H])([H])[C@@]([H])(C2([H])C([H])([H])C2([H])[H])C1([H])[H],0.1682605483112447
[H]C1([H])C([H])([H])C1([H])C([H])([H])[C@]1([H])C([H])([H])[C@]([H])(C([H])([H])[H])C1([H])[H],0.4667272185234787
[H]C1([H])C([H])([H])[C@]([H])(C([H])([H])[H])C([H])([H])[C@]2([H])C([H])([H])[C@]2([H])C1([H])[H],-1.2361198697147895
[H]OC([H])([H])[C@@]1([H])C([H])([H])C([H])([H])C([H])([H])[C@@]1([H])C([H])([H])O[H],-0.1585915676977018
[H]C1([H])C([H])([H])[C@]([H])(C([H])([H])[H])C([H])([H])C([H])([H])[C@]([H])(C([H])([H])[H])C1([H])[H],-0.38127049593053497
[H]OC([H])([H])[C@@]1([H])C([H])([H])[N@H+]2[C@@]([H])(C([H])([H])[H])[C@@]2([H])C1([H])[H],0.3485011376312585
[H]OC([H])([H])[C@]1([H])C([H])([H])[C@]2([H])C([H])([H])[C@]2(C([H])([H])[H])C1([H])[H],1.1716091508448048
[H]OC([H])([H])[C@@]1([H])O[C@@]([H])(C([H])([H])[H])C([H])([H])C([H])([H])C1([H])[H],0.945574307837976
[H]OC([H])([H])[C@@]1([H])C([H])([H])O[C@@]([H])(C([H])([H])[H])C([H])([H])C1([H])[H],-0.45181462107556747
[H]OC([H])([H])[C@]1([H])C([H])([H])[C@]([H])(OC([H])([H])[H])C1([H])[H],-1.3151236966859359
[H]OC([H])([H])[C@]1([H])OC([H])([H])[C@]([H])(C([H])([H])[H])C([H])([H])O1,-0.23235177783448022
[H]OC([H])([H])[C@]1([H])C([H])([H])[C@]([H])(C(=O)C([H])([H])[H])C1([H])[H],0.28208199106259574
[H]C([H])([H])C([H])([H])C([H])([H])[C@@]1([H])C([H])([H])C([H])([H])[C@@]([H])(C([H])([H])[H])C1([H])[H],-1.1459296601636577
[H]OC([H])([H])[C@]1([H])C([H])([H])C([H])([H])C([H])([H])C([H])([H])[C@]1([H])C([H])([H])[H],0.7843505689039374
[H]OC([H])([H])[C@]1([H])C([H])([H])C([H])([H])C([H])([H])[C@]1([H])C([H])([H])C([H])([H])[H],0.21132812124418848
[H]OC([H])([H])[C@@]1([H])C([H])([H])C([H])([H])[C@@]2([H])O[C@@]2([H])C1([H])[H],-1.3146342924480616
[H]OC([H])([H])[C@]1([H])C([H])([H])O[C@]([H])(C([H])([H])[H])OC1([H])[H],-1.5436055608821364
[H]OC([H])([H])[C@]1([H])C([H])([H])C([H])([H])OC([H])([H])C([H])([H])C1([H])[H],-0.1213968456192506
[H]OC([H])([H])[C@]1([H])C([H])([H])OC([H])([H])C([H])([H])C1([H])[H],-0.7215462710354639
[H]OC([H])([H])[C@]1([H])C([H])([H])[C@]2([H])[N@H+](C([H])([H])[H])[C@]2([H])C1([H])[H],-0.27129437219105407
[H]OC([H])([H])[C@@]1([H])[C@@]([H])(C([H])([H])[H])C([H])([H])[C@@]1([H])C([H])([H])[H],1.022760347639875
[H]OC([H])([H])C([H])([H])[C@]1([H])C([H])([H])[C@]([H])(C([H])([H])O[H])C1([H])[H],-0.9737991982141333
[H]OC([H])([H])[C@]1([H])[C@@]2([H])C([H])([H])C([H])([H])C([H])([H])[C@]1([H])C2([H])[H],-0.11524433520025872
[H]OC([H])([H])[C@]1([H])C([H])([H])C([H])([H])[C@]1([H])C([H])([H])[H],-0.27052530838868005
[H]OC([H])([H])[C@@]1([H])C([H])([H])[C@@]([H])(C([H])([H])O[H])[C@@]1([H])C([H])([H])[H],-0.5234773844785986
[H]C([H])([H])C([H])([H])C([H])([H])[C@]1([H])C([H])([H])[C@]([H])(C([H])([H])[H])C1([H])[H],0.18287276055635066
[H]OC([H])([H])[C@]1([H])C([H])([H])[C@]1([H])C([H])([H])[H],-0.7167221435478454
[H]OC([H])([H])[C@@]1([H])[C@@]([H])(C([H])([H])[H])C([H])([H])C([H])([H])[C@@]1([H])C([H])([H])[H],0.8655217574999559
[H]OC([H])([H])[C@]1([H])C([H])([H])[C@]2([H])C([H])([H])[C@]([H])(C1([H])[H])C2([H])[H],0.31095684109718297
[H]OC([H])([H])[C@@]1([H])C([H])([H])[C@@]2([H])C([H])([H])[C@@]2([H])C1([H])[H],0.825810099341008
[H]OC([H])([H])[C@]1([H])C([H])([H])C([H])([H])[C@@]12C([H])([H])[C@]2([H])C([H])([H])[H],0.5728580232510894
[H]OC([H])([H])[C@]1([H])[C@]2([H])C([H])([H])[C@]([H])(C([H])([H])[H])[C@@]21O[H],-0.035331614644488404
[H]OC([H])([H])[C@@]1([H])C([H])([H])C([H])=C([H])[C@@]([H])(C([H])([H])[H])C1([H])[H],1.4398725880910783
[H]OC([H])([H])[C@]1([H])C([H])([H])[C@]([H])(C([H])([H])[H])[C@]1(O[H])C([H])([H])[H],-0.5755639783666553
[H]OC([H])([H])[C@@]1([H])[N@H+]2C([H])([H])[C@@]([H])(C([H])([H])[H])C([H])([H])[C@]21[H],0.2662812256683663
[H]OC([H])([H])[C@@]1(O[H])C([H])([H])C([H])([H])C([H])([H])[C@]1([H])C([H])([H])[H],-0.4474099829346983
[H]OC([H])([H])[C@@]1([H])C(=O)C([H])([H])[C@@]([H])(C([H])([H])[H])C1([H])[H],0.18224352653622639
[H]OC([H])([H])[C@]1([H])C([H])([H])[C@]12C([H])([H])[C@]([H])(C([H])([H])[H])C2([H])[H],-0.3431668802674599
[H]ONC1C([H])([H])C([H])([H])[C@]([H])(C([H])([H])O[H])C1([H])[H],-0.41685717551311324
[H]OC([H])([H])[C@@]1([H])C([H])([H])C([H])([H])[C@]([H])(C#N)C1([H])[H],-0.1497822914159634
[H]OC([H])([H])[C@@]1([H])C([H])([H])C([H])([H])[C@]([H])(C([H])=O)C1([H])[H],0.15791314442475846
[H]C([H])([H])OC([H])([H])[C@@]1([H])C([H])([H])C([H])([H])[C@@]([H])(C([H])([H])[H])C1([H])[H],0.21517344025605847
[H]OC([H])([H])[C@]1([H])C([H])([H])[C@]([H])(C([H])([H])[H])C12C([H])([H])C2([H])[H],-1.0566483441971497
[H]OC([H])([H])[C@]1([H])C([H])([H])[C@]([H])(C([H])([H])[H])C1(C([H])([H])[H])C([H])([H])[H],-1.0728685989381286
[H]C([H])([H])[C@@]1([H])C([H])([H])C([H])([H])[C@@]([H])(C([H])([H])C#N)C1([H])[H],0.7094018056180355
[H]O[C@]([H])(C([H])([H])[H])C([H])([H])[C@]1([H])C([H])([H])[C@]([H])(C([H])([H])[H])C1([H])[H],0.20489595126069668
[H]OC([H])([H])[C@]1([H])C([H])([H])OC([H])([H])C([H])([H])C([H])([H])C1([H])[H],-0.9013673710087283
[H]OC([H])([H])[C@]1([H])C([H])([H])[C@]([H])(C([H])(C([H])([H])[H])C([H])([H])[H])C1([H])[H],-1.373852205230859
[H]OC([H])([H])[C@]1([H])C([H])([H])[C@]([H])(C([H])([H])OC([H])([H])[H])C1([H])[H],-1.6524630463636187
[H]OC([H])([H])C1(C([H])([H])O[H])C([H])([H])C([H])(C([H])([H])[H])C1([H])[H],2.564663356508604
[H]C([H])([H])OC([H])([H])C([H])([H])[C@]1([H])C([H])([H])[C@]([H])(C([H])([H])[H])C1([H])[H],-0.06448612424357525
[H]C1([H])C([H])([H])[C@]([H])(C([H])([H])[H])C([H])([H])[C@]2([H])O[C@]2([H])C1([H])[H],-1.2722658684263672
[H]OC([H])([H])[C@]1([H])[C@@]2([H])C([H])([H])C([H])([H])[C@]1([H])[C@]2([H])C([H])([H])[H],0.15595552747326094
[H]O[C@]1([H])C([H])([H])C([H])([H])C([H])([H])[C@]([H])(C([H])([H])[H])C([H])([H])C1([H])[H],-0.9013673710087283
[H]OC([H])([H])C1([H])C([H])([H])C(C([H])([H])[H])=C(C([H])([H])[H])C1([H])[H],-0.626182359541089
[H]OC([H])([H])C1([H])C([H])([H])C(C([H])([H])[H])(C([H])([H])[H])C1([H])[H],0.2281076951141665
[H]OC([H])([H])[C@]1([H])C([H])([H])[C@]([H])(O[H])[C@]([H])(O[H])C1([H])[H],-1.2804459106879815
[H]OC([H])([H])C([H])([H])C1([H])C([H])([H])C([H])([H])C1([H])[H],0.23719663096040453
[H]OC([H])([H])[C@]1([H])[C@]2([H])C([H])([H])C([H])([H])C([H])([H])[C@]12[H],-0.25101905376483075
[H]C([H])([H])C([H])([H])[C@]1([H])C([H])([H])[C@]([H])(C([H])([H])[H])C1([H])[H],0.15553603812651154
[H]OC([H])([H])[C@]1([H])C([H])=C([H])C([H])([H])[C@]([H])(C([H])([H])[H])C1([H])[H],0.7444291660716146
[H]OC([H])([H])[C@]1([H])C([H])([H])[C@]2(C([H])([H])[H])O[C@]2([H])C1([H])[H],-1.1913743393948482
[H]OC([H])([H])[C@]1([H])C([H])([H])C([H])=C([H])C([H])([H])C([H])([H])C1([H])[H],1.8667729132997688
[H]OC([H])([H])[C@]1([H])C([H])([H])[C@@]2(O[C@]2([H])C([H])([H])[H])C1([H])[H],1.268161615488303
[H]OC([H])([H])[C@@]1([H])C([H])([H])C([H])([H])[N@H+]2C([H])([H])[C@@]2([H])C1([H])[H],0.6193514258491535
[H]OC([H])([H])[C@@]1(O[H])C([H])([H])C([H])([H])[C@]1([H])C([H])([H])[H],0.6987747421670496
[H]OC([H])([H])[C@@]1([H])C([H])([H])[C@@]2(O[H])[C@@]([H])(C([H])([H])[H])[C@@]12[H],-0.6964468251216219
[H]OC([H])([H])[C@]1([H])C([H])([H])C([H])([H])C([H])([H])[C@]1([H])OC([H])([H])[H],8.704659009989182
[H]OC([H])([H])[C@]1([H])C([H])([H])C([H])([H])C(C([H])([H])[H])(C([H])([H])[H])C1([H])[H],-1.4465636920007638
[H]OC([H])([H])[C@@]1([H])[N@@H+](C2([H])C([H])([H])C2([H])[H])[C@@]1([H])C([H])([H])[H],-1.541018709910515
[H]OC([H])([H])[C@]1([H])C([H])([H])[C@]([H])(C#CC([H])([H])[H])C1([H])[H],1.5885815615137584
[H]C(=O)C([H])([H])[C@]1([H])C([H])([H])C([H])([H])[C@]([H])(C([H])([H])[H])C1([H])[H],0.3245203299754149
[H]OC([H])([H])[C@]1([H])C([H])([H])C(=O)C([H])([H])C([H])([H])C1([H])[H],2.0064628657673356
[H]C([H])([H])[C@@]1([H])C([H])([H])C([H])([H])[C@@]([H])(C([H])([H])[H])C1([H])[H],1.2039098305445124
[H]C([H])([H])C1([H])C([H])([H])C([H])([H])C([H])([H])C1([H])[H],-0.6851905276505117
[H]OC([H])([H])[C@]1([H])[N@H+](C2([H])C([H])([H])C([H])([H])C2([H])[H])C1([H])[H],-0.19655535357852705
[H]C1([H])C([H])([H])[C@]([H])(C#N)C([H])([H])[C@@]([H])(C([H])([H])[H])C1([H])[H],0.6600418924838504
[H]C([H])([H])C([H])([H])C([H])([H])C([H])([H])[C@]1([H])C([H])([H])[C@]([H])(C([H])([H])[H])C1([H])[H],-1.5863934742505803
[H]OC([H])([H])[C@]1([H])[C@@]2([H])C([H])([H])[C@]1([H])[C@]2([H])C([H])([H])[H],-0.986313963725492
[H]C([H])(C#N)C([H])([H])[C@]1([H])C([H])([H])[C@]([H])(C([H])([H])[H])C1([H])[H],-0.9356256676599334
[H]C([H])([H])O[C@@]1([H])C([H])([H])C([H])([H])C([H])([H])[C@@]([H])(C([H])([H])[H])C1([H])[H],0.201749781160076
[H]OC([H])([H])[C@]1([H])C([H])([H])[C@](O[H])(C([H])([H])[H])C1([H])[H],1.1224589823839939
[H]OC([H])([H])[C@]1([H])[C@]([H])(C([H])([H])[H])[C@]2([H])C([H])([H])C([H])([H])[C@]12[H],2.2871012387427183
[H]C1([H])C([H])([H])C([H])(C([H])([H])[C@]2([H])C([H])([H])[C@]2([H])C([H])([H])[H])C1([H])[H],-1.486135520377462
[H]OC([H])([H])[C@@]1([H])C([H])([H])[C@@]1([H])C1([H])C([H])([H])C([H])([H])C1([H])[H],-0.26493211709868736
[H]C(=O)[C@@]1([H])C([H])([H])C([H])([H])C([H])([H])[C@]([H])(C([H])([H])[H])C1([H])[H],1.503215479450245
[H]C([H])([H])C(=O)C([H])([H])[C@]1([H])C([H])([H])[C@]([H])(C([H])([H])[H])C1([H])[H],-0.14083318535197517
[H]O[C@]([H])(C([H])([H])[H])C([H])([H])C1([H])C([H])([H])C([H])([H])C1([H])[H],-1.0737774925227523
[H]OC([H])([H])[C@]1(O[H])[C@@]([H])(C([H])([H])[H])C([H])([H])[C@@]1([H])C([H])([H])[H],0.3987699443500678
[H]OC([H])([H])[C@]1([H])C([H])([H])[C@]1(O[H])C([H])([H])[H],0.8970533733972896
[H]OC([H])([H])C1([H])C([H])([H])C([H])([H])OC([H])([H])C1([H])[H],1.4049151425286244
[H]O[C@]1([H])C([H])([H])C([H])([H])[C@]([H])(C([H])([H])[H])C1([H])[H],-0.2343793096771025
[H]OC([H])([H])[C@]1([H])C([H])([H])[C@]2([H])O[C@]2([H])C1([H])[H],-0.7317538451397007
[H]OC([H])([H])[C@]1([H])C([H])([H])[C@]2(C([H])([H])[H])N([H])[C@]2([H])C1([H])[H],2.2439637509186494
[H]OC([H])([H])[C@]1([H])C([H])([H])C([H])([H])[C@]([H])(O[H])C([H])([H])C1([H])[H],0.0846423385258545
[H]OC([H])([H])[C@@]1([H])C([H])([H])[C@@]2([H])[C@@]([H])(O[H])[C@@]2([H])C1([H])[H],-0.4090267077071236
[H]OC([H])([H])[C@]1([H])C([H])([H])[C@]2([H])[C@]([H])(C([H])([H])[H])[C@]12O[H],0.673325721797583
[H]C#C[C@@]1([H])C([H])([H])C([H])([H])[C@]([H])(C([H])([H])O[H])C1([H])[H],0.2708256935914853
[H]OC([H])([H])[C@]1([H])C([H])([H])C([H])([H])[C@](O[H])(C([H])([H])[H])C1([H])[H],-1.583876538170084
[H]OC([H])([H])[C@]1([H])C([H])([H])[C@]([H])([C@]([H])(O[H])C([H])([H])[H])C1([H])[H],0.690035380776436
[H]OC([H])([H])[C@]([H])(C([H])([H])[H])C([H])([H])C1([H])C([H])([H])C([H])([H])C1([H])[H],-0.42286985614985534
[H][N-][C@@H]1OC([H])([H])C([H])([H])[C@]([H])(C([H])([H])O[H])C1([H])[H],-1.6246369196959056
[H]C#CC([H])([H])[C@]1([H])C([H])([H])C([H])([H])[C@]([H])(C([H])([H])[H])C1([H])[H],1.511675181276359
[H]OC([H])([H])[C@]1([H])C([H])([H])[C@]([H])(C([H])([H])[H])[C@]2([H])O[C@]12[H],0.9374641804674866
[H]OC([H])([H])[C@]1([H])O[C@]12C([H])([H])[C@]([H])(C([H])([H])[H])C2([H])[H],0.051782339697147454
[H]C1([H])C([H])([H])[C@@]2([H])C([H])([H])[C@@]([H])(C([H])([H])[H])C([H])([H])[C@@]2([H])C1([H])[H],1.2248143829908604
[H]C([H])([H])C([H])([H])C1([H])C([H])([H])C([H])([H])C1([H])[H],1.2421532759898375
[H]OC([H])([H])[C@]1([H])C([H])([H])C([H])([H])[C@]([H])(C([H])([H])[H])[C@]1([H])C([H])([H])[H],0.9421484781728554
[H]C([H])([H])C([H])([H])OC([H])([H])[C@]1([H])C([H])([H])[C@]([H])(C([H])([H])[H])C1([H])[H],-0.8085903104859749
[H]OC([H])([H])[C@@]1([H])[C@@]([H])(C([H])([H])[H])[C@@]2([H])C([H])([H])[C@@]12[H],-0.8810221376913799
[H]OC([H])([H])[C@@]1([H])O[C@@]([H])(C([H])([H])[H])C1([H])[H],1.1801387675620436
[H]OC([H])([H])[C@]1([H])C([H])([H])[C@]([H])(C([H])([H])[H])[C@]1([H])C([H])([H])[H],-1.2531091882581424
[H]OC([H])([H])[C@@]1([H])C([H])([H])[C@@]2([H])C([H])([H])[C@@]2(O[H])C1([H])[H],-0.595629552119504
[H]OC([H])([H])[C@]1([H])C([H])([H])[N@@H+]2C([H])([H])[C@]2([H])C([H])([H])C1([H])[H],-1.0637796630918903
[H]OC(C([H])([H])[H])(C([H])([H])[H])C([H])([H])C1([H])C([H])([H])C([H])([H])C1([H])[H],0.6111713835875393
[H]OC([H])([H])[C@]1([H])C([H])([H])C([H])([H])[C@]2([H])[C@]([H])(C([H])([H])[H])[C@]12[H],-0.9335282209261861
[H]OC([H])([H])[C@@]1([H])C([H])([H])C([H])([H])C([H])([H])[C@@]2([H])C([H])([H])[C@@]12[H],0.3280160745316606
[H]OC([H])([H])[C@]1([H])[C@]2([H])C([H])([H])[C@@]([H])(C2([H])[H])[C@]1([H])C([H])([H])[H],0.2942471821183297
[H]OC([H])([H])[C@@]1(O[H])C([H])([H])[C@]1([H])C([H])([H])[H],0.07960846636486102
[H]OC([H])([H])[C@]1([H])C([H])([H])[C@]([H])(C([H])([H])[H])[C@]1([H])C([H])([H])O[H],1.624028411314087
[H]OC([H])([H])[C@]1(O[H])C([H])([H])[C@]([H])(C([H])([H])[H])C1([H])[H],-0.47118104591716714
[H]OC([H])([H])[C@@]1([H])C([H])([H])[C@@]2([H])C([H])([H])C([H])([H])C([H])([H])[C@@]12[H],-0.8777361378085092
[H]OC([H])([H])[C@]1([H])C([H])([H])C([H])([H])[C@]([H])(C([H])([H])[H])[C@]1([H])O[H],0.19468837715646026
[H]C([H])([H])C1([H])C([H])([H])C([H])([H])C([H])([H])C([H])([H])C([H])([H])C([H])([H])C1([H])[H],2.0410008219830407
[H]OC([H])([H])[C@@]1([H])C([H])([H])C([H])([H])[C@@]1([H])C([H])([H])O[H],-0.7919505663982467
[H]C([H])([H])C1([H])C([H])([H])C([H])([H])C([H])([H])C([H])([H])C1([H])[H],-0.8350880542223151
[H]C([H])([H])C1([H])C([H])([H])C([H])([H])C([H])([H])C([H])([H])C([H])([H])C1([H])[H],0.5955104479755601
[H]OC([H])([H])C([H])([H])C([H])([H])C1([H])C([H])([H])C([H])([H])C1([H])[H],0.06282889249488299
[H]OC([H])([H])[C@]1([H])C([H])([H])[C@@]2([H])O[C@]([H])(C2([H])[H])C1([H])[H],0.5102142808031715
[H]OC([H])([H])[C@]1([H])C([H])([H])C([H])([H])[C@]1([H])C([H])([H])C([H])([H])[H],0.3390626273293961
[H]OC([H])([H])C1([H])C([H])([H])C([H])([H])C([H])=C([H])C([H])([H])C1([H])[H],-0.08343305973842534
[H]OC([H])([H])[C@]1([H])C([H])([H])[C@]2([H])N([H])[C@]2([H])C1([H])[H],8.704659009989182
[H]O[C@@]1([H])C([H])([H])[C@@]([H])(C([H])([H])[H])C([H])([H])C([H])([H])[C@@]1([H])O[H],0.4805703669662106
[H]C([H])([H])C(=O)C([H])([H])C1([H])C([H])([H])C([H])([H])C1([H])[H],-0.3026861583061379
[H]C([H])([H])[C@]1([H])C([H])([H])[C@]([H])(C([H])([H])C#N)C1([H])[H],-1.20521748783758
[H]OC([H])([H])[C@]1([H])C([H])([H])C([H])([H])C([H])([H])[C@]1(O[H])C([H])([H])[H],0.3558422011993738
[H]OC([H])([H])C([H])([H])[C@]1([H])OC([H])([H])[C@]([H])(C([H])([H])[H])C1([H])[H],0.17301476090773857
[H]OC([H])([H])[C@]1([H])OC([H])([H])C([H])([H])C([H])([H])[C@]1([H])C([H])([H])[H],0.3556324565259993
[H]OC([H])([H])[C@]1([H])C([H])([H])[C@@]2(N([H])[C@]2([H])C([H])([H])[H])C1([H])[H],-1.0923049386708532
[H]OC([H])([H])[C@]1([H])C([H])([H])[C@]([H])(C([H])([H])[H])[C@@]12OC2([H])[H],-0.993165623055733
[H]OC([H])([H])[C@]1([H])C([H])([H])C([H])([H])C([H])([H])O[C@]1([H])C([H])([H])[H],-0.7760099712217676
[H]OC([H])([H])[C@]1([H])N([H])[C@@]12C([H])([H])C([H])([H])[C@]2([H])C([H])([H])[H],0.7632362717842152
[H]OC([H])([H])[C@@]12C([H])([H])C([H])([H])[C@]1([H])C([H])([H])[C@]2([H])C([H])([H])[H],-1.4622945425038683
[H]OC([H])([H])[C@]1([H])C([H])([H])[C@]([H])(C([H])([H])[H])[N@@H+]2C([H])([H])[C@@]21[H],3.4692222178826686
[H]OC([H])([H])[C@@]1([H])[N@@H+]([C@]2([H])C([H])([H])[C@]2([H])C([H])([H])[H])C1([H])[H],1.727082960832202
[H]OC([H])([H])[C@]1([H])O[C@@]12C([H])([H])C([H])([H])[C@]2([H])C([H])([H])[H],0.13295352829316598
[H]OC([H])([H])[C@@]1([H])C([H])([H])O[C@@]([H])(C([H])([H])C([H])([H])[H])C1([H])[H],-0.49474236422626117
[H]OC([H])([H])[C@]1(O[H])C([H])([H])C([H])([H])[C@]([H])(C([H])([H])[H])C1([H])[H],0.6769612961360781
[H]OC([H])([H])[C@]1([H])C([H])([H])[C@@]12C([H])([H])C([H])([H])[C@]2([H])C([H])([H])[H],-1.0258158772110653
[H]OC([H])([H])[C@]1([H])[C@]2([H])C([H])([H])[C@]([H])(C([H])([H])[H])[C@@]21C([H])([H])[H],0.027941361823553685
[H]OC([H])([H])[C@]1([H])N([H])[C@]12C([H])([H])[C@]([H])(C([H])([H])[H])C2([H])[H],-0.07588225149693514
[H]OC([H])([H])[C@]1([H])C([H])([H])C([H])([H])C([H])=C([H])[C@]1([H])C([H])([H])[H],-0.31009713676537815
[H]OC([H])([H])[C@@]1([H])C([H])([H])OC([NH2+]C([H])([H])[H])C1([H])[H],-0.7595799718074141
[H]OC([H])([H])C1([H])C([H])([H])OC1([H])[H],-0.7935586088941196
[H]C1([H])C([H])([H])C([H])([C@]2([H])C([H])([H])[C@@]([H])(C([H])([H])[H])C2([H])[H])C1([H])[H],0.5560784493811117
[H]OC([H])([H])[C@@]1([H])[C@@]([H])(C([H])([H])[H])C([H])([H])[C@@]1([H])O[H],-1.6079971756081772
[H]OC([H])([H])[C@@]([H])(O[H])C([H])([H])C1([H])C([H])([H])C([H])([H])C1([H])[H],0.8655217574999559
[H]OC([H])([H])[C@]1([H])C([H])([H])C([H])([H])[C@]([H])(O[H])[C@]1([H])C([H])([H])[H],1.0320590281594877
[H]OC([H])([H])[C@]1([H])C([H])([H])[C@@](C([H])([H])[H])(C([H])([H])O[H])C1([H])[H],-0.5630492128552967
[H]OC([H])([H])[C@@]1([H])C2(C([H])([H])C([H])([H])C2([H])[H])[C@@]1([H])C([H])([H])[H],-0.45677857834543606
[H]N([H])C(=O)C([H])([H])[C@]1([H])C([H])([H])[C@]([H])(C([H])([H])[H])C1([H])[H],-0.07469369834781167
[H]OC([H])([H])[C@]1([H])C([H])([H])[C@]([H])(C([H])([H])[H])[C@]2([H])C([H])([H])[C@]12[H],2.8580961545598447
[H]OC([H])([H])[C@]1([H])C([H])([H])[C@]1([H])[C@]1([H])C([H])([H])[C@]1([H])C([H])([H])[H],0.36919594540423156
[H]OC([H])([H])[C@@]1([H])C(=O)[C@@]([H])(C([H])([H])[H])C1([H])[H],-1.1988552327452133
[H]OC([H])([H])[C@]1([H])[C@]([H])(C([H])([H])[H])[C@]1([H])C1([H])C([H])([H])C1([H])[H],0.21636199340518195
[H]C#C[C@@]1([H])C([H])([H])C([H])([H])C([H])([H])[C@]([H])(C([H])([H])[H])C1([H])[H],-0.015475785565014442
[H]OC([H])([H])[C@@]1([H])C([H])([H])C([H])([H])[C@@]2(OC2([H])[H])C1([H])[H],-1.1351627669304218
[H]OC([H])([H])C(=O)[C@]1([H])C([H])([H])[C@@]([H])(C([H])([H])[H])C1([H])[H],-0.9463226460020444
[H]OC([H])([H])[C@@]1([H])C([H])([H])OC([H])([H])[C@@]([H])(O[H])C1([H])[H],0.5741164912913379
[H]OC([H])([H])[C@]1([H])[C@]([H])(C([H])([H])[H])[C@]2(O[H])C([H])([H])[C@]12[H],0.4080686248696807
[H]OC([H])([H])[C@]1([H])C([H])([H])[C@]2([H])[C@]([H])(C([H])([H])[H])[C@]12[H],1.6310199004265775
[H]OC([H])([H])[C@]1([H])C([H])([H])[C@]2([H])C([H])([H])[C@]2([H])[C@]1([H])C([H])([H])[H],-0.1722249714670588
[H]OC([H])([H])[C@]1([H])C([H])([H])[C@]([H])(O[H])[C@]1([H])C([H])([H])[H],-1.040637834129546
[H]C([H])([H])C([H])([H])[C@@]1([H])C([H])([H])OC([H])([H])[C@@]([H])(C([H])([H])[H])C1([H])[H],0.2554444175440056
[H]OC([H])([H])[C@]1([H])[C@]2([H])C([H])([H])[C@]([H])(C([H])([H])[H])[C@@]21[H],-0.3695947091126753
[H]OC([H])([H])[C@]1([H])C([H])([H])[C@]([H])(C([H])([H])[H])[C@]1([H])O[H],1.164687576623439
[H]OC([H])([H])C([H])([H])O[C@]1([H])C([H])([H])[C@@]([H])(C([H])([H])[H])C1([H])[H],-0.5873795949667647
[H]OC([H])([H])[C@@]1([H])C([H])([H])[C@@]2([H])[C@@]([H])(C([H])([H])[H])C([H])([H])[C@@]12[H],-0.6690401878006578
[H]C(=O)C([H])([H])C([H])([H])[C@]1([H])C([H])([H])[C@]([H])(C([H])([H])[H])C1([H])[H],-1.2872975700182223
[H]OC([H])([H])[C@@]1([H])O[C@@]([H])(C([H])([H])[H])C([H])([H])C1([H])[H],-1.686791257905949
[H]OC([H])([H])[C@]1([H])C([H])([H])[C@](O[H])(C([H])([H])C([H])([H])[H])C1([H])[H],-0.5236871291519732
[H]OC([H])([H])[C@@]1([H])C([H])([H])[C@@]1([H])C([H])([H])O[H],-0.5523522345131857
[H]ONC1C([H])([H])C([H])(C([H])([H])O[H])C1([H])[H],-0.6254832106298398
[H]OC([H])([H])[C@@]1([H])C([H])([H])[C@@]1([H])C([H])([H])C1([H])C([H])([H])C1([H])[H],-0.361414666851061
[H]C1([H])C([H])([H])[C@@]([H])(C([H])([H])[H])OC([H])([H])[C@@]([H])(C([H])([H])[H])C1([H])[H],-0.40343351641713093
[H]OC([H])([H])[C@]1([H])C([H])([H])[C@@]([H])(C#N)C1([H])[H],0.34444607394601395
[H]OC([H])([H])[C@]1([H])[N@H+](C2([H])C([H])([H])C2([H])[H])C1([H])[H],-0.4969796407422583
[H]O/N=C(\C([H])([H])[H])C([H])([H])C1([H])C([H])([H])C1([H])[H],-1.268630294087872
[H]C([H])([H])OC([H])([H])[C@]1([H])C([H])([H])[C@]([H])(C([H])([H])[H])C1([H])[H],0.7758209521866986
[H]OC([H])([H])[C@]1([H])C([H])([H])[C@@]([H])(C([H])=O)C1([H])[H],-0.8554332875396634
[H]OC([H])([H])[C@]1([H])[C@@]2([H])O[C@]1([H])C([H])([H])C([H])([H])C2([H])[H],1.152242726003205
[H]OC([H])([H])[C@]1([H])C([H])([H])[C@@]([H])([NH+]2C([H])([H])C2([H])[H])C1([H])[H],0.6288598510421413
[H]OC1(C([H])([H])C2([H])C([H])([H])C([H])([H])C2([H])[H])C([H])([H])C1([H])[H],-0.8442469049596781
[H]OC([H])([H])[C@]1([H])C([H])([H])OC([H])([H])C1([H])[H],-0.952684901094411
[H]OC([H])([H])[C@]1([H])C([H])([H])C([H])([H])[C@]1([H])OC([H])([H])[H],-1.65546938668199
[H]OC([H])([H])C([H])([H])C([H])([H])C([H])([H])C1([H])C([H])([H])C([H])([H])C1([H])[H],0.3245203299754149
[H]OC([H])([H])[C@]1([H])C([H])([H])[C@]1([H])C([H])([H])C([H])([H])[H],0.8916699267806719
[H]OC([H])([H])[C@]1([H])C([H])([H])[C@]2(OC2([H])[H])C1([H])[H],-1.4785847121359716
[H]C1([H])[NH+](C([H])([H])[C@]2([H])C([H])([H])[C@]([H])(C([H])([H])[H])C2([H])[H])C1([H])[H],1.0784825158664268
[H]OC([H])([H])C1([H])C([H])([H])C2(C([H])([H])C([H])([H])C2([H])[H])C1([H])[H],-0.3122644983902504
[H]OC([H])([H])C(=O)C([H])([H])C1([H])C([H])([H])C([H])([H])C1([H])[H],1.2318757869944759
[H]O[C@]1([H])[C@]2([H])C([H])([H])C([H])([H])[C@]([H])(C([H])([H])[H])C([H])([H])[C@]12[H],0.9211740108353831
[H]OC([H])([H])C1([H])C([H])([H])C([H])([H])C(=O)C([H])([H])C1([H])[H],-0.5605322767748
[H]OC([H])([H])[C@@]1([H])C([H])([H])C([H])([H])C([H])([H])[C@@]1([H])O[H],-1.515080285303174
[H]OC([H])([H])[C@@]1([H])C(C([H])([H])[H])=C([H])C([H])([H])C([H])([H])C1([H])[H],-0.4678950460342963
[H]OC([H])([H])[C@@]1([H])C([H])([H])C(C([H])([H])[H])=C([H])C([H])([H])C1([H])[H],-1.268630294087872
[H]OC([H])([H])[C@]1([H])C([H])([H])C([H])=C(C([H])([H])[H])C([H])([H])C1([H])[H],-1.1277517884711816
[H]OC([H])([H])[C@@]1([H])C([H])([H])C(=O)N(C([H])([H])[H])C1([H])[H],0.9774554981909341
[H]OC([H])([H])[C@@]1([H])[C@@]([H])(C([H])([H])[H])C([H])([H])[C@@]2([H])N([H])[C@@]12[H],-0.0428824228859783
[H]OC([H])([H])C1=C([H])C([H])([H])C([H])([H])[C@]([H])(C([H])([H])[H])C1([H])[H],1.2206894044144905
[H]OC([H])([H])[C@]1([H])N([H])[C@]1([H])[C@]1([H])C([H])([H])[C@]1([H])C([H])([H])[H],-0.04875527374047089
[H]OC([H])([H])[C@@]1([H])C([H])([H])O[C@@]([H])(OC([H])([H])[H])C1([H])[H],-0.5241765333898476
[H]OC([H])([H])C1([H])C([H])([H])C([H])=C([H])C1([H])[H],0.8371363117032431
[H]OC([H])([H])C([H])([H])C1([H])C([H])([H])C([H])([H])C([H])([H])C1([H])[H],0.690035380776436
[H]OC([H])([H])[C@]1(C([H])([H])C([H])([H])[H])C([H])([H])[C@@]([H])(C([H])([H])[H])C1([H])[H],-0.4051813886952536
[H]OC([H])([H])[C@]1([H])[C@]2([H])C([H])([H])C([H])([H])C([H])([H])C([H])([H])[C@]12[H],-0.840541415730058
[H]OC([H])([H])[C@]1([H])C([H])([H])C([H])([H])O[C@]1([H])C([H])([H])[H],-0.2651418617720622
[H]C([H])([H])C([H])([H])C([H])([H])C1([H])C([H])([H])C([H])([H])C1([H])[H],0.4594560698464881
[H]OC([H])([H])[C@]1([H])[C@@]2([H])[C@@]3([H])C([H])([H])C([H])([H])[C@@]3([H])[C@@]12[H],1.5971111782309972
[H]OC([H])([H])[C@]1([H])C([H])([H])C([H])([H])C([H])([H])C1(C([H])([H])[H])C([H])([H])[H],-1.6328868768486444
[H]OC([H])([H])[C@]1([H])[C@@]2([H])C([H])([H])C([H])([H])[C@]1([H])C2([H])[H],-0.8866852438724975
[H]OC([H])([H])[C@]1([H])C([H])([H])[C@]([H])(C([H])([H])[H])O[C@]1([H])C([H])([H])[H],-1.0500064295402833
[H]OC([H])([H])[C@@]1([H])[C@@]([H])(C([H])([H])[H])C([H])([H])C([H])([H])[C@@]1([H])O[H],0.23719663096040453
[H]OC([H])([H])[C@]1([H])[N@@H+]2C([H])([H])[C@]([H])(C([H])([H])[H])[C@@]21[H],-0.35246556078707275
[H]OC([H])([H])[C@@]1([H])[C@@]([H])(C([H])([H])[H])C([H])([H])[C@@]2([H])C([H])([H])[C@]21[H],0.33109232974115654
[H]OC([H])([H])[C@@]1([H])[N@H+]2[C@@]([H])(C([H])([H])[H])C([H])([H])[C@]21[H],-0.6119197217516077
[H]OC([H])([H])C#C[C@]1([H])C([H])([H])[C@@]([H])(C([H])([H])[H])C1([H])[H],-0.5870300205111403
[H]OC([H])([H])[C@@]1([H])OC([H])([H])O[C@@]([H])(C([H])([H])[H])C1([H])[H],-0.8686472019622712
[H]OC([H])([H])[C@]1([H])C([H])([H])[C@]1([H])OC([H])([H])C([H])([H])[H],1.2660641687545557
[H]O[C@]1(C([H])([H])[H])C([H])([H])C([H])([H])C([H])([H])[C@]([H])(C([H])([H])[H])C1([H])[H],-0.21934760808524714
[H]OC([H])([H])[C@@]1([H])[N@H+]2[C@@]([H])(C([H])([H])[H])[C@@]2([H])C1([H])[H],0.6803172109100737
[H]OC([H])([H])[C@@]1([H])C([H])=C([H])[C@@]([H])(C([H])([H])[H])C1([H])[H],0.5049706639688035
[H]OC([H])([H])[C@]1([H])C([H])([H])[C@]1([H])C(O[H])(C([H])([H])[H])C([H])([H])[H],-0.08860676168166862
[H]OC([H])([H])[C@]1([H])C([H])([H])C([H])([H])[C@]1(O[H])C([H])([H])[H],-0.9599560497714015
[H]OC([H])([H])C1([H])C([H])([H])N(C(=O)C([H])([H])[H])C1([H])[H],-1.393008885399084
[H]OC([H])([H])[C@@]1([H])[C@]2([H])C([H])([H])[C@]([H])(C([H])([H])[H])[C@@]1([H])C2([H])[H],-0.17404275863630655
[H]OC([H])([H])[C@]1([H])C([H])([H])[C@]([H])(C([H])([H])C([H])([H])[H])[C@]1([H])C([H])([H])[H],0.9737500089613143
[H]OC([H])([H])[C@@]1([H])C([H])([H])[C@@](O[H])(C([H])([H])[H])[C@@]1([H])C([H])([H])[H],-0.499496576822755
[H]OC([H])([H])[C@]1([H])C([H])([H])[C@]2([H])C([H])([H])[C@]([H])(C([H])([H])[H])[C@@]21[H],-0.8018784809379836
[H]OC([H])([H])C([H])([H])[C@]1([H])C([H])([H])C([H])([H])C([H])([H])[C@]1([H])C([H])([H])[H],1.5318106699203329
[H]O[C@@]12C([H])([H])C([H])([H])[C@]([H])(C([H])([H])[H])C([H])([H])[C@]1([H])C2([H])[H],-1.0334366003436803
[H]O[C@]1(C([H])([H])C2([H])C([H])([H])C2([H])[H])C([H])([H])[C@]1([H])C([H])([H])[H],-0.9368142208090569
[H]C#CC([H])([H])C([H])([H])[C@]1([H])C([H])([H])[C@]([H])(C([H])([H])[H])C1([H])[H],0.8667103106490793
[H]O[C@]([H])(C([H])([H])[H])C([H])([H])C([H])([H])C1([H])C([H])([H])C([H])([H])C1([H])[H],-0.5318671714135876
[H]O[C@]1([H])C(=O)C([H])([H])C([H])([H])[C@]([H])(C([H])([H])[H])C1([H])[H],-0.21655101244025082
[H]OC([H])([H])[C@@]1([H])[C@]2([H])C([H])([H])[C@@]1(O[H])[C@@]2([H])C([H])([H])[H],-0.19215071543765783
[H]OC([H])([H])C([H])([H])[C@]1(O[H])C([H])([H])[C@]([H])(C([H])([H])[H])C1([H])[H],0.43121045383202516
[H]OC([H])([H])[C@@]1([H])C([H])([H])[C@]2([H])C([H])([H])[C@@]1([H])[C@@]2([H])C([H])([H])[H],-0.739094908707816
[H]OC([H])([H])[C@@]1([H])[C@@]2([H])[C@@]3([H])C([H])([H])[C@@]3([H])[C@@]12[H],-0.8761280953126364
[H]OC([H])([H])[C@@]1([H])[C@]2([H])C([H])([H])[C@@]1([H])[C@@]2(O[H])C([H])([H])[H],-1.583876538170084
[H]OC([H])([H])[C@]1([H])[C@]2([H])C([H])([H])C([H])([H])[C@]([H])(C([H])([H])[H])[C@@]21[H],-0.3600862839196877
[H]OC([H])([H])[C@]1([H])C([H])([H])[C@](C([H])([H])[H])(C([H])([H])C([H])([H])[H])C1([H])[H],-0.356870198927942
[H]O[C@]([H])(C([H])([H])C([H])([H])[H])C([H])([H])C1([H])C([H])([H])C([H])([H])C1([H])[H],1.3491929743020719
[H]OC([H])([H])[C@]1([H])C([H])([H])[C@]([H])(O[H])C([H])([H])[C@]1([H])C([H])([H])[H],-1.3239329729676743
[H][N-]C1OC([H])([H])C([H])([H])C([H])([H])[C@]([H])(C([H])([H])[H])C1([H])[H],0.6350822763522581
[H]OC([H])([H])[C@]1([H])OC([H])([H])C([H])([H])[C@]1([H])C([H])([H])[H],1.0984082598370257
[H]OC([H])([H])[C@@]1([H])N(C([H])=O)[C@@]([H])(C([H])([H])[H])C1([H])[H],-1.1552982555743956
[H]OC([H])([H])C1=C([H])C([H])([H])C([H])([H])C([H])([H])[C@]1([H])C([H])([H])[H],0.836646907465369
[H]OC([H])([H])C1=C([H])C([H])([H])[C@@]([H])(C([H])([H])[H])C([H])([H])C1([H])[H],-0.1142655267245098
[H]OC([H])([H])[C@@]1([H])C(C([H])([H])C([H])([H])[H])=C([H])C([H])([H])C1([H])[H],-1.07161013089788
[H]OC([H])([H])C([H])([H])OC([H])([H])C1([H])C([H])([H])C([H])([H])C1([H])[H],2.1723009875156185
[H]ONC1C([H])([H])C([H])([H])[C@]([H])(C([H])([H])[H])C1([H])[H],-1.4123753102406835
[H]OC([H])([H])[C@@]1([H])C([H])([H])C([H])([H])C2(C([H])([H])C2([H])[H])C1([H])[H],-0.6175129130416004
[H]OC([H])([H])[C@]1([H])OC([H])([H])[C@]([H])(C([H])([H])O[H])C1([H])[H],0.39086956165295295
[H]OC([H])([H])[C@]1([H])[C@]2([H])O[C@]2([H])[C@]1([H])C([H])([H])[H],-1.1107624699278287
[H]OC([H])([H])[C@]1([H])C([H])([H])C([H])([H])[C@]1([H])OC([H])([H])C([H])([H])[H],0.09044527448922171
[H]C([H])([H])C([H])(C([H])([H])[H])C([H])([H])[C@]1([H])C([H])([H])[C@]([H])(C([H])([H])[H])C1([H])[H],-0.49390338553276236
[H]C1([H])O[C@@]([H])(C([H])([H])[H])C([H])([H])[C@@]([H])(C([H])([H])[H])C([H])([H])C1([H])[H],-1.3239329729676743
[H]O[C@@]1([H])C([H])([H])[C@@]1([H])C([H])([H])C1([H])C([H])([H])C([H])([H])C1([H])[H],-0.780274779580387
[H]O[C@]([H])(C([H])([H])[H])C([H])([H])C1([H])C([H])([H])C([H])([H])C([H])([H])C1([H])[H],0.22286407827979818
[H]O[C@]1(C([H])([H])C([H])([H])[H])[C@@]([H])(C([H])([H])[H])C([H])([H])[C@@]1([H])C([H])([H])[H],-1.1164255761089465
[H]OC([H])([H])[C@]1([H])C([H])([H])C([H])([H])[C@]1([H])C([H])([H])C([H])([H])C([H])([H])[H],0.6288598510421413
[H]OC([H])([H])[C@]1([H])C([H])([H])[C@@]2(C([H])([H])[C@@]2([H])O[H])C1([H])[H],0.7169526138595257
[H]OC([H])([H])[C@]1([H])C([H])([H])[C@@]([H])([C@]2([H])OC2([H])[H])C1([H])[H],-0.4548908762850634
[H]O[C@]1([H])C([H])([H])C([H])([H])[C@]([H])(C([H])([H])[H])C([H])([H])[C@]1([H])C([H])([H])[H],0.5102142808031715
[H]O[C@@]1([H])C([H])([H])[C@@]([H])(C([H])([H])[H])C([H])([H])C([H])([H])[C@@]1([H])C([H])([H])[H],0.2875353525703386
[H]OC([H])([H])[C@]1([H])C([H])([H])[N@@H+]2C([H])([H])[C@]2([H])C1([H])[H],-0.1936189281512809
[H]O[C@]1([H])C([H])([H])[C@]([H])(C([H])([H])C([H])([H])C([H])([H])[H])C1([H])[H],0.8989410754576621
[H]OC([H])([H])C#CC([H])([H])C1([H])C([H])([H])C([H])([H])C1([H])[H],1.6963204087372419
[H]O[C@]1(C([H])([H])C([H])([H])[H])[C@@]2([H])C([H])([H])C([H])([H])C([H])([H])[C@]21[H],-1.0637796630918903
[H]C([H])([H])C([H])([H])C(=O)C([H])([H])C1([H])C([H])([H])C([H])([H])C1([H])[H],0.22887675891654025
[H]OC([H])([H])[C@]1([H])C([H])([H])[C@]1([H])OC([H])([H])[H],-0.2953450947380224
[H]OC([H])([H])[C@]1([H])C([H])([H])[C@]([H])(C([H])([H])C#N)C1([H])[H],-0.9827483042781217
[H]C(=O)C([H])([H])[C@]1([H])C([H])([H])[C@]([H])(C([H])([H])[H])C1([H])[H],-1.6993060234173074
[H]C1([H])O[C@@]1([H])C([H])([H])[C@]1([H])C([H])([H])[C@]([H])(C([H])([H])[H])C1([H])[H],-0.7114785267134771
[H]O[C@]1(C2([H])C([H])([H])C([H])([H])C2([H])[H])C([H])([H])[C@]1([H])C([H])([H])[H],-0.4297215154800964
[H]OC([H])([H])[C@@]1([H])C([H])([H])[C@]2([H])[N@@H+](C2([H])[H])[C@@]1([H])C([H])([H])[H],0.20992982342169014
[H]OC([H])([H])[C@]1([H])C([H])([H])[C@]1([H])C(=O)OC([H])([H])[H],-1.0607733227735194
[H]OC([H])([H])[C@@]1([H])[C@@]([H])(C([H])([H])C([H])([H])[H])C([H])([H])[C@@]1([H])C([H])([H])[H],0.45428236790324483
[H]OC([H])([H])[C@]1([H])O[C@]([H])(C([H])([H])[H])[C@]([H])(O[H])C1([H])[H],-1.1280314480356812
[H]OC([H])([H])[C@]1([H])[C@]2([H])C([H])([H])[C@]2([H])O[C@]1([H])C([H])([H])[H],0.5184642379559108
[H]OC([H])([H])[C@@]1([H])O[C@@]([H])(C([H])([H])[H])C([H])([H])[C@@]1([H])C([H])([H])[H],-0.43909011089083416
[H]OC([H])([H])[C@]1([H])O[C@]2([H])C([H])([H])[C@]2([H])[C@]1([H])C([H])([H])[H],-1.6200924517727862
[H]OC([H])([H])[C@]1([H])C([H])([H])[C@@](OC([H])([H])[H])(C([H])([H])[H])C1([H])[H],0.14952335748976944
[H]OC([H])([H])[C@@]1([H])OC([NH2+]C([H])([H])[H])C1([H])[H],-0.6646355496597885
[H]OC([H])([H])C1=C([H])C([H])([H])[C@]([H])(C([H])([H])[H])C1([H])[H],-1.001625324881847
[H]OC([H])([H])[C@@]1([H])C([H])([H])OC(C([H])([H])[H])(C([H])([H])[H])C1([H])[H],-0.45810696127680917
[H]OC([H])([H])[C@]1(O[H])[C@@]([H])(C([H])([H])[H])C([H])([H])[C@@]1([H])O[H],0.5464301944058741
[H]OC([H])([H])[C@]1([H])C([H])([H])[C@]2([N@@H+](C([H])([H])[H])C2([H])[H])C1([H])[H],-0.8313126501015701
[H]OC([H])([H])[C@@]1([H])[C@@]([H])(C([H])([H])[H])[C@@]2([H])C([H])([H])[C@@]12O[H],-0.8399820966010587
[H]OC([H])([H])[C@]([H])(C([H])([H])[H])[C@]1([H])C([H])([H])[C@]([H])(C([H])([H])[H])C1([H])[H],1.5167090534373524
[H]OC([H])([H])[C@@]1([H])[N@H+]2[C@@]([H])(C([H])([H])[H])C([H])([H])C([H])([H])[C@]21[H],0.6217285321474004
[H]OC([H])([H])[C@]1([H])O[C@]([H])(C([H])([H])[H])[C@]2([H])C([H])([H])[C@@]21[H],1.9679397607575113
[H]OC([H])([H])[C@@]1([H])[N@H+]2[C@@]([H])(C([H])([H])[H])[C@@]2([H])C([H])([H])C1([H])[H],-0.4490180254305711
[H]OC([H])([H])[C@@]1([H])O[C@@]([H])(C([H])([H])[H])[C@@]([H])(C([H])([H])[H])C1([H])[H],-0.8111771614575966
[H]OC([H])([H])[C@@]1([H])[C@@]([H])(C([H])([H])[H])C([H])([H])[C@]1(O[H])C([H])([H])[H],0.4086279439986799
[H]OC([H])([H])[C@]12C([H])([H])[C@@]([H])(C([H])([H])[H])C([H])([H])[C@@]1([H])C2([H])[H],0.05471876512439359
[H]OC([H])([H])[C@@]1([H])C(=O)[C@@]([H])(C([H])([H])[H])C([H])([H])C1([H])[H],-0.928284604091818
[H]OC([H])([H])[C@@]1([H])[C@@]([H])(C([H])([H])[H])[C@@]2([H])O[C@]1([H])C2([H])[H],1.8126587875690898
[H]OC([H])([H])[C@]1([H])C([H])([H])[C@](C#N)(C([H])([H])[H])C1([H])[H],-0.1481742489200905
[H]OC([H])([H])[C@@]1([H])C([H])=C([H])[C@@]([H])(C([H])([H])[H])C([H])([H])C1([H])[H],-0.043791316470602165
[H]OC([H])([H])[C@]1([H])C([H])([H])[C@]([H])(C([H])([H])[H])[C@]1([H])C([H])([H])C([H])([H])[H],1.0344361344577346
[H]OC([H])([H])[C@]1([H])C([H])([H])C([H])=C([H])[C@]1([H])C([H])([H])[H],-0.81991652284821
[H]OC([H])([H])[C@]([H])(O[H])[C@]1([H])C([H])([H])[C@@]([H])(C([H])([H])[H])C1([H])[H],-0.9497484756671648
[H]OC([H])([H])[C@@]1([H])OC([NH2+]C([H])([H])[H])C([H])([H])C1([H])[H],-1.627922919578776
[H]OC([H])([H])[C@@]1(O[H])C([H])([H])[C@]([H])(O[H])[C@]1([H])C([H])([H])[H],-0.4869118964202715
[H]OC([H])([H])[C@]1([H])C([H])([H])C([H])=C(C([H])([H])[H])C1([H])[H],-0.4492976849950707
[H]OC([H])([H])[C@@]1([H])[C@@]([H])(C([H])([H])[H])C([H])([H])O[C@@]1([H])C([H])([H])[H],1.126374216286989
[H]OC([H])([H])[C@@]1(O[H])C([H])([H])[N@@H+](C([H])([H])[H])[C@]1([H])C([H])([H])[H],-1.6198827070994117
[H]OC([H])([H])[C@]1([H])C(C([H])([H])[H])=C(C([H])([H])[H])C([H])([H])C1([H])[H],-0.5901062757206362
[H]OC([H])([H])[C@]1([H])C([H])([H])[C@]1([H])C([H])([H])OC([H])([H])C([H])([H])[H],1.0519148572389616
[H]OC([H])([H])[C@]1([H])C([H])([H])[C@]2([H])[C@]([H])(C([H])([H])[H])[C@]12C([H])([H])[H],1.5518762436731814
[H]OC([H])([H])[C@]1([H])[C@]2(O[H])C([H])([H])[C@]([H])(C([H])([H])[H])[C@]12[H],1.0324785175062374
[H]OC([H])([H])[C@]1([H])C([H])([H])[C@]2([H])C([H])([H])C([H])([H])[C@@]21C([H])([H])[H],-0.6675719750870347
[H]C([H])([H])OC([H])([H])C([H])([H])C1([H])C([H])([H])C([H])([H])C1([H])[H],0.9374641804674866
[H]C([H])([H])OC([H])([H])C1([H])C([H])([H])C([H])([H])C1([H])[H],-1.0377014087022998
[H]C([H])([H])C(C([H])([H])[H])(C([H])([H])[H])C([H])([H])C1([H])C([H])([H])C([H])([H])C1([H])[H],0.5909659800524407
[H]OC([H])([H])C1([H])C([H])([H])C2(C([H])([H])C2([H])[H])C1([H])[H],0.39086956165295295
[H]OC([H])([H])C1([H])C([H])([H])OC([H])([H])OC1([H])[H],1.8672623175376433
[H]OC([H])([H])C([H])([H])C1([H])C([H])([H])C([H])([H])C([H])([H])C([H])([H])C1([H])[H],-0.65967159238992
[H]OC([H])([H])C1([H])C([H])([H])C(=O)C(=O)C1([H])[H],-1.5603851347521145
[H]OC([H])([H])C1([H])C([H])([H])OC([H])([H])C([H])([H])OC1([H])[H],0.708982316271286
[H]C([H])([H])C([H])([H])[C@]1([H])C([H])([H])C([H])([H])[C@]([H])(C([H])([H])[H])C([H])([H])C1([H])[H],-0.43349691960084147
[H]C1([H])OC([H])([H])[C@@]([H])(C([H])([H])[H])C([H])([H])C1([H])[H],-0.44013883425770783
[H]OC([H])([H])C1([H])C([H])([H])C(=O)C1([H])[H],-0.05267050764346563
[H]C1([H])C([H])([H])C([H])(C([H])([H])C2([H])C([H])([H])C([H])([H])C2([H])[H])C1([H])[H],0.05171242480602271
[H]OC([H])([H])[C@]1([H])C([H])([H])[C@]1([H])[NH2+][C+]([H])OC([H])([H])[H],0.32074492585466996
[H]OC([H])([H])[C@]1([H])C([H])([H])C([H])([H])C1(C([H])([H])[H])C([H])([H])[H],1.3016508483371345
[H]OC([H])([H])[C@]1([H])[N@@H+]2C([H])([H])C([H])([H])C([H])([H])[C@@]21[H],0.19356973889846152
[H]O[C@]1(C([H])([H])C([H])([H])[H])C([H])([H])[C@@]([H])(C([H])([H])[H])C1([H])[H],-0.21752982091599943
[H]O[C@]1([H])C([H])([H])C([H])([H])[C@]([H])(C([H])([H])C([H])([H])[H])C1([H])[H],-0.7028789951051134
[H]OC([H])([H])[C@]1([H])C([H])([H])[C@]1([H])C([H])([H])C([H])([H])C([H])([H])[H],1.1227386419484942
[H]OC([H])([H])[C@]1(C([H])([H])[H])C([H])([H])[C@]([H])(C([H])([H])[H])C1([H])[H],-0.91535034923371
[H]OC([H])([H])C([H])([H])[C@]1([H])C([H])([H])[C@]([H])(C([H])([H])C([H])([H])[H])C1([H])[H],0.6403958080777509
[H]OC([H])([H])[C@]1([H])C([H])([H])C([H])=C([H])C([H])([H])C1([H])[H],1.1558783003417006
[H]OC([H])([H])[C@@]1([H])N([H])[C@@]1([H])C1([H])C([H])([H])C([H])([H])C1([H])[H],0.6378089571061294
[H]OC([H])([H])[C@]1([H])C([H])([H])C(=O)C([H])([H])C1([H])[H],-0.47013232255029347
[H]C([H])([H])C(=O)C([H])([H])C([H])([H])C1([H])C([H])([H])C([H])([H])C1([H])[H],-1.110622640145579
[H]OC([H])([H])[C@]1([H])C([H])([H])O[C@]1([H])C([H])([H])[H],-1.1978065093783397
[H]O[C@]1([H])C([H])([H])[C@]([H])(C([H])([H])C([H])([H])OC([H])([H])[H])C1([H])[H],0.7944882281170491
[H]OC([H])([H])C(C([H])([H])[H])(C([H])([H])[H])C1([H])C([H])([H])C([H])([H])C1([H])[H],-0.7260907389585831
[H]OC([H])([H])C([H])([H])[C@]1([H])C([H])([H])C([H])([H])[C@]1([H])C([H])([H])[H],2.06421256583651
[H]OC([H])([H])[C@]1([H])C([H])([H])[C@]([H])(C([H])([H])C([H])=O)C1([H])[H],-1.4671186699914867
[H]OC([H])([H])[C@]1([H])C([H])([H])C([H])([H])[C@]1([H])C([H])([H])OC([H])([H])[H],-0.9203143065035784
[H]OC([H])([H])[C@]1([H])C([H])([H])[C@]1([H])C(C([H])([H])[H])(C([H])([H])[H])C([H])([H])[H],1.6934538982011207
[H]OC([H])([H])[C@]1([H])OC([H])([H])[C@]1([H])C([H])([H])[H],-1.1086650231940816
[H]C#C[C@]1([H])C([H])([H])[C@@]([H])(C([H])([H])O[H])C1([H])[H],0.17986642023797975
[H]OC([H])([H])[C@]1([H])C(=O)C([H])([H])C([H])([H])C1([H])[H],-0.4483188765193221
[H]C([H])([H])C#CC([H])([H])[C@]1([H])C([H])([H])[C@]([H])(C([H])([H])[H])C1([H])[H],-1.1446711921234094
[H]OC([H])([H])[C@@]1([H])O[C@@]1([H])C1([H])C([H])([H])C([H])([H])C1([H])[H],0.6623490838909722
[H]OC([H])([H])[C@]1([H])[N@@H+]2C([H])([H])[C@]2([H])C([H])([H])C([H])([H])C1([H])[H],0.99591302944791
[H]OC([H])([H])[C@]1([H])C([H])([H])[C@]1([H])C(=O)C([H])([H])[H],1.1841239163561634
[H]OC([H])([H])[C@]1([H])[C@@]2([H])C([H])([H])[C@]1([H])C2(C([H])([H])[H])C([H])([H])[H],-0.4671259822319224
[H]C([H])([N@@H+]1C([H])([H])[C@]1([H])C([H])([H])[H])C1([H])C([H])([H])C([H])([H])C1([H])[H],-0.63673950810095
[H]OC([H])([H])[C@]1(C([H])([H])[H])[C@@]2([H])C([H])([H])C([H])([H])C([H])([H])[C@]21[H],-1.1822854035486101
[H]O[C@@]12C([H])([H])[C@]1([H])C([H])([H])C([H])([H])C([H])([H])[C@]2([H])C([H])([H])[H],0.5234281952257792
[H]C([H])([H])OC(=O)C([H])([H])C1([H])C([H])([H])C([H])([H])C1([H])[H],2.699599096379677
[H]OC([H])([H])[C@@]1([H])[C@]2([H])C([H])([H])[C@@]1([H])[C@@]2([H])C([H])([H])C([H])([H])[H],-0.27863543575916944
[H]OC([H])([H])[C@]1([H])OC([H])([H])[C@]([H])(C([H])([H])[H])O1,-1.5414381992572643
[H]OC([H])([H])[C@@]1([H])[C@@]([H])(C([H])([H])C([H])([H])[H])[C@@]2([H])C([H])([H])[C@@]12[H],-1.4785847121359716
[H]C1([H])C([H])([H])C([H])(C([H])([H])[C@]2([H])O[C@]2([H])C([H])([H])[H])C1([H])[H],-0.8070521828812269
[H]O[C@@]1(C([H])([H])[H])C([H])([H])[C@@]([H])(C([H])([H])[H])C([H])([H])[C@@]1([H])C([H])([H])[H],0.7900835899761799
[H]OC([H])([H])[C@@]1([H])C([H])([H])O[C@@]2([H])C([H])([H])[C@@]2([H])C1([H])[H],-1.4941058179657016
[H]OC([H])([H])[C@]1(C([H])([H])[H])[C@@]([H])(C([H])([H])[H])C([H])([H])[C@@]1([H])C([H])([H])[H],0.6060675965354211
[H]C([H])([H])C([H])([H])O[C@@]1([H])C([H])([H])C([H])([H])[C@@]([H])(C([H])([H])[H])C1([H])[H],0.8301448225907524
[H]OC([H])([H])C1(C([H])([H])O[H])C([H])([H])C([H])([H])[C@]1([H])C([H])([H])[H],1.1248360886822408
[H]C#CC([H])([H])[C@]1([H])C([H])([H])[C@]([H])(C([H])([H])[H])C1([H])[H],-1.6979077255948094
[H]OC([H])([H])[C@@]1([H])[C@@]([H])(C([H])([H])[H])[C@@]1([H])C([H])([H])O[H],-0.25954867048206953
[H]OC([H])([H])[C@]1([H])[C@@]2([H])C([H])([H])[C@]1([H])[C@]2([H])C([H])([H])O[H],0.3873738170967076
[H]C([H])([H])C([H])([H])C1([H])C([H])([H])C([H])([H])C([H])([H])C1([H])[H],-0.7665015460287801
[H]OC([H])([H])[C@]1([H])[C@]2([H])C([H])([H])C([H])([H])[C@]12[H],-0.7000823994601171
[H]OC([H])([H])[C@@]1([H])[C@@]([H])(C([H])([H])O[H])[C@@]2([H])C([H])([H])[C@@]12[H],-0.7586710782227903
[H]O[C@]1([H])C([H])([H])[C@]([H])(C([H])([H])[H])C1([H])[H],-0.6094727005622359
[H]C([H])([H])[C@@]1([H])C([H])([H])C([H])([H])[C@@]2([H])C([H])([H])C([H])([H])[C@@]2([H])C1([H])[H],0.15434748497738807
[H]OC([H])([H])[C@]1([H])[C@@]2([H])C([H])([H])[C@]1([H])C2([H])[H],-0.42224062212973124
[H]O[C@@]1([H])C([H])([H])[C@@]([H])(C([H])([H])[H])C([H])([H])[C@@]1([H])O[H],-0.37364977279792
[H]OC([H])([H])[C@@]1([H])[C@@]([H])(C([H])([H])[H])[C@@]1([H])C([H])([H])[H],-0.9782038363550025
[H]C1([H])C([H])([H])C1([H])[C@@]1([H])C([H])([H])C([H])([H])[C@]([H])(C([H])([H])[H])C1([H])[H],1.8671224877553931
[H]OC([H])([H])[C@]1([H])[C@]2([H])C([H])([H])C([H])([H])[C@@]1([H])C([H])([H])C2([H])[H],0.8849580972326805
[H]OC([H])([H])[C@@]1(C([H])([H])[H])C([H])([H])C([H])([H])C([H])([H])[C@]1([H])C([H])([H])[H],-1.2361198697147895
[H]OC([H])([H])[C@]1([H])C([H])([H])[C@]2([H])O[C@]2([H])[C@]1([H])C([H])([H])[H],-0.4481091318459473
[H]OC([H])([H])[C@@]1([H])[N@@H+]2C([H])([H])[C@@]1(O[H])[C@@]2([H])C([H])([H])[H],-0.790831928140248
[H]OC([H])([H])[C@]1([H])C([H])([H])C([H])([H])[C@]1(O[H])C([H])([H])C([H])([H])[H],0.1616885485455034
[H]OC([H])([H])[C@]1([H])[N@@H+]2C([H])([H])[C@]2([H])C([H])([H])[C@]1([H])C([H])([H])[H],0.3053636498071903
[H]OC([H])([H])[C@]1([H])[C@]2([H])C([H])([H])[C@]2([H])[C@]1(O[H])C([H])([H])[H],-0.42224062212973124
[H]OC([H])([H])[C@@]1([H])[C@@]([H])(C([H])([H])[H])OC([H])([H])[C@@]1([H])O[H],0.23174326945266163
[H]OC([H])([H])[C@]1(C([H])([H])[H])C([H])([H])C([H])([H])[C@]([H])(C([H])([H])[H])C1([H])[H],1.6629710056706608
[H]OC([H])([H])[C@]1([H])C([H])([H])[C@]1([H])[N@@H+]1C([H])([H])[C@]1([H])C([H])([H])[H],1.2039098305445124
[H]OC([H])([H])[C@@]1([H])O[C@]2([H])[C@]([H])(C1([H])[H])[C@]2([H])C([H])([H])[H],-0.34092960375146275
[H]OC([H])([H])[C@]1([H])C([H])([H])[C@]1([H])[C@]1([H])O[C@]1([H])C([H])([H])[H],-1.5045930516344375
[H]OC([H])([H])[C@@]1([H])[C@@]([H])(C([H])([H])[H])C([H])([H])[C@@]2([H])O[C@@]12[H],0.4026152633619378
[H]OC([H])([H])[C@@]1([H])C([H])([H])C([H])([H])C(=O)[C@@]1([H])C([H])([H])[H],-0.2354979479351009
[H]OC([H])([H])[C@@]1([H])C(C([H])([H])[H])=C([H])C([H])([H])C1([H])[H],0.432818496327898
[H]OC([H])([H])[C@]1([H])[C@]2([H])C([H])([H])C([H])([H])C([H])([H])[C@@]21C([H])([H])[H],4.542905200887886
[H]OC([H])([H])[C@]1([H])C([H])([H])C([H])([H])OC([H])([H])[C@]1([H])C([H])([H])[H],-0.09280165514916297
[H]OC([H])([H])[C@]1([H])C([H])([H])[C@]2([H])[C@](O[H])(C([H])([H])[H])[C@]12[H],1.6250072197898358
[H]OC([H])([H])[C@@]1(O[H])C([H])([H])OC([H])([H])[C@]1([H])C([H])([H])[H],-1.1257941715196842
[H]OC([H])([H])[C@]1([H])C([H])([H])[C@](C([H])=O)(C([H])([H])[H])C1([H])[H],0.5677542361989713
[H]OC([H])([H])[C@]1([H])C([H])([H])[C@]([H])(O[H])[C@]1(O[H])C([H])([H])[H],-0.9733797088673839
[H]OC([H])([H])[C@]1([H])C([H])([H])[C@]([H])(OC([H])([H])[H])[C@]1([H])C([H])([H])[H],0.3917085403464521
[H]ON[C@@H]1C([H])([H])[C@]([H])(C([H])([H])[H])[C@]1([H])C([H])([H])O[H],-1.068673705470634
[H]OC([H])([H])[C@]1([H])[C@]([H])(C([H])([H])[H])C([H])([H])[C@]1([H])OC([H])([H])[H],0.7995221002780425
[H]OC([H])([H])[C@@]1([H])O[C@@]([H])(C([H])([H])[H])C([H])([H])[C@@]1([H])O[H],-0.6784087832113955
[H]OC([H])([H])[C@@]1([H])[C@@]([H])(C([H])([H])[H])C([H])([H])[C@@]1([H])C#N,0.09177365742059498
[H]OC([H])([H])[C@]1([H])C([H])([H])[C@]([H])(C([H])([H])[H])[C@]1([H])OC([H])([H])[H],-0.41399066497699205
[H]OC([H])([H])[C@@]1([H])O[C@@]2([H])[C@@]([H])(C([H])([H])[H])C([H])([H])[C@]21[H],-0.4823674284971525
[H]OC([H])([H])[C@@]1([H])C([H])([H])[C@@]([H])(C#N)[C@@]1([H])C([H])([H])[H],-0.28422862704916213
[H]OC([H])([H])[C@]1([H])OC([H])([H])C([H])([H])[C@]([H])(C([H])([H])[H])O1,-1.6447724083398791
[H]OC([H])([H])[C@@]1([H])[C@@]2([H])O[C@@]([H])(C([H])([H])[H])C([H])([H])[C@]21[H],-0.6182819768439743
[H]OC([H])([H])C([H])([H])[C@@]1(O[H])C([H])([H])C([H])([H])[C@]1([H])C([H])([H])[H],-0.04477012494635108
[H]OC([H])([H])[C@]1([H])C(=O)C([H])([H])C([H])([H])[C@]1([H])C([H])([H])[H],-0.06448612424357525
[H]O[C@]1(C([H])([H])C([H])([H])[H])C([H])([H])C([H])([H])[C@@]([H])(C([H])([H])[H])C1([H])[H],-0.9864537935077418
[H]OC([H])([H])[C@]1([H])[C@]2([H])C([H])([H])[C@@]1([H])O[C@]2([H])C([H])([H])[H],-0.4483188765193221
[H]OC([H])([H])[C@@]1([H])C([H])([H])C([H])([H])[N@@H+]2[C@@]1([H])[C@]2([H])C([H])([H])[H],-0.5655661489357935
[H]OC([H])([H])[C@]1([H])O[C@]2([H])C([H])([H])[C@]([H])(C([H])([H])[H])[C@]12[H],-0.12174642007487495
[H]OC([H])([H])[C@]1([H])C([H])([H])[C@]2([H])O[C@]([H])(C([H])([H])[H])[C@]12[H],-0.38588487874477884
[H]OC([H])([H])[C@@]1([H])O[C@@]2(C1([H])[H])C([H])([H])[C@]2([H])C([H])([H])[H],-0.2540253940832016
[H]OC([H])([H])[C@]1([H])C([H])([H])[C@]([H])(C([H])([H])[H])[C@]1([H])C([H])=O,-0.07210684737619019
[H]OC([H])([H])[C@]1([H])[N@@H+]2C([H])([H])C([H])([H])[C@]([H])(C([H])([H])[H])[C@@]21[H],1.0094066034350173
[H]OC([H])([H])[C@@]1([H])O[C@]2([H])C([H])([H])[C@@]1([H])[C@@]2([H])C([H])([H])[H],-1.0279832388359373
[H]OC([H])([H])[C@]1([H])C([H])([H])[C@]([H])(C([H])([H])[H])[C@]1([H])C#N,-0.6174429981504753
[H]OC([H])([H])[C@@]1([H])C([H])([H])[C@]2([H])[C@@]1([H])O[C@]2([H])C([H])([H])[H],-1.3346299513097855
[H]OC([H])([H])[C@]1([H])C([H])([H])[C@@]2([H])O[C@]1([H])[C@@]2([H])C([H])([H])[H],-1.657147344068988
[H]OC([H])([H])[C@]1([H])O[C@]1([H])[C@]1([H])C([H])([H])[C@]1([H])C([H])([H])[H],-0.13482050471523307
[H]ON[C@H]1[C@@]([H])(C([H])([H])[H])C([H])([H])[C@@]1([H])C([H])([H])O[H],1.2397062548004658
[H]ON[C@@H]1C([H])([H])[C@]([H])(C([H])([H])O[H])[C@]1([H])C([H])([H])[H],-0.5110325338583649
[H]O[C@]1(C([H])([H])C([H])([H])[H])C([H])([H])C([H])([H])C([H])([H])[C@@]1([H])C([H])([H])[H],-0.829914352279072
[H]OC([H])([H])[C@]1([H])[C@]2([H])O[C@@]1([H])C([H])([H])[C@]2([H])C([H])([H])[H],-0.27087488284430467
[H]OC([H])([H])[C@@]1([H])O[C@@]([H])(C([H])([H])[H])OC([H])([H])C1([H])[H],1.1421050667900934
[H]OC([H])([H])C1=C([H])C([H])([H])C([H])([H])[C@]1([H])C([H])([H])[H],0.6060675965354211
[H]OC([H])([H])[C@]1([H])OC([H])([H])[C@]([H])(C([H])([H])C([H])([H])[H])C1([H])[H],-1.5157794342144228
[H]OC([H])([H])[C@@]1([H])[N@H+]2C([H])([H])[C@@]2([H])[C@@]([H])(C([H])([H])[H])C1([H])[H],1.6438143255024358
[H]OC([H])([H])[C@]1([H])C([H])([H])OC([H])([H])C([H])([H])[C@]1([H])C([H])([H])[H],0.4293926666627777
[H]OC([H])([H])[C@@]1([H])[C@@]2([H])C([H])([H])O[C@@]2([H])[C@@]1([H])C([H])([H])[H],2.2599043460951282
[H]OC([H])([H])[C@]1([H])C([H])([H])[C@]1([H])C#CC([H])([H])C([H])([H])[H],-1.4856461161395875
[H]OC([H])([H])[C@]1([H])[C@]([H])(C([H])([H])[H])C([H])=C([H])[C@]1([H])C([H])([H])[H],1.1222492377106197
[H]C([H])([H])C([H])(C([H])([H])[H])C([H])([H])C1([H])C([H])([H])C([H])([H])C1([H])[H],0.15434748497738807
[H]OC([H])([H])C1([H])C([H])([H])C([H])=C([H])C([H])=C([H])C1([H])[H],-0.7190992498460922
[H]OC([H])([H])[C@@]1([H])[N@@H+](C([H])([H])[H])C1([H])[H],-0.47222976928404065
[H]OC([H])([H])[C@@]1(O[H])[C@@]2([H])C([H])([H])C([H])([H])C([H])([H])[C@]21[H],-1.0205023454855722
[H]OC([H])([H])C([H])([H])[C@]1([H])C([H])([H])[C@]([H])(O[H])C1([H])[H],-0.47097130124379244
[H]OC([H])([H])[C@]1([H])[C@]2([H])C([H])([H])[C@@]3([H])[C@]2([H])[C@]31[H],-0.43909011089083416
